company_id,metric_type,parsed_value,computed_value,difference
SBILIFE,roe,14.0,23.03,9.030000000000001
SBILIFE,roe,13.0,23.03,10.030000000000001
TCS,roe,44.0,36.52,7.479999999999997
TCS,roe,47.0,36.52,10.479999999999997
WIPRO,roe,18.0,23.27,5.27
WIPRO,roe,17.0,23.27,6.27
WIPRO,roe,17.0,23.27,6.27
INFY,roe,31.0,24.82,6.18
SBILIFE,roe,16.0,23.03,7.030000000000001
